    nom,nom_scientifique,famille,cycle,besoins,photo
    Tomate,Solanum lycopersicum,Solanaceae,annuel,soleil;arrosage regulier,tomate.jpg
    Tournesol,Helianthus annuus,Asteraceae,annuel,soleil,tournesol.jpg
    Haricot,Phaseolus vulgaris,Fabaceae,annuel,soleil;arrosage moyen,haricot.jpg
    Pois,Pisum sativum,Fabaceae,annuel,soleil;arrosage moyen,pois.jpg
    Lavande,Lavandula angustifolia,Lamiaceae,vivace,soleil;arrosage faible,lavande.jpg
    Menthe,Mentha sp.,Lamiaceae,vivace,mi-ombre;arrosage frequent,aucune_photo.png
    Chene,Quercus robur,Fagaceae,vivace,soleil,chene.jpg
    Rose,Rosa gallica,Rosaceae,vivace,soleil;arrosage moyen,rose.jpg
    Pissenlit,Taraxacum officinale,Asteraceae,vivace,soleil,pissenlit.jpg
    Romarin,Salvia rosmarinus,Lamiaceae,vivace,soleil;arrosage faible,romarin.jpg
    Carotte,Daucus carota,Apiaceae,bisannuel,soleil;arrosage moyen,carotte.jpg
    Ortie,Urtica dioica,Urticaceae,vivace,mi-ombre,ortie.jpg
    Basilic,Ocimum basilicum,Lamiaceae,annuel,soleil;arrosage frequent,basilic.jpg
    Capucine,Tropaeolum majus,Tropaeolaceae,annuel,soleil;arrosage modere,capucine.jpg
    Capucine,Tropaeolum majus,Tropaeolaceae,annuel,soleil;arrosage modere,capucine.jpg